日期,时点,实时市场电价（元/兆瓦时）
2026-02-01,01:00,497.46
2026-02-01,02:00,465.56
2026-02-01,03:00,474.42
2026-02-01,04:00,348.85
2026-02-01,05:00,336.68
2026-02-01,06:00,421.74
2026-02-01,07:00,494.52
2026-02-01,08:00,544
2026-02-01,09:00,521.83
2026-02-01,10:00,498.15
2026-02-01,11:00,385.33
2026-02-01,12:00,331.52
2026-02-01,13:00,75.80
2026-02-01,14:00,0
2026-02-01,15:00,0
2026-02-01,16:00,177.58
2026-02-01,17:00,456.88
2026-02-01,18:00,348.94
2026-02-01,19:00,407.14
2026-02-01,20:00,417.82
2026-02-01,21:00,477.40
2026-02-01,22:00,538.15
2026-02-01,23:00,533.59
2026-02-01,24:00,541.91
2026-02-02,01:00,451.51
2026-02-02,02:00,483.66
2026-02-02,03:00,428.57
2026-02-02,04:00,458.50
2026-02-02,05:00,448.31
2026-02-02,06:00,473.47
2026-02-02,07:00,509.03
2026-02-02,08:00,509.28
2026-02-02,09:00,477.15
2026-02-02,10:00,284.77
2026-02-02,11:00,0
2026-02-02,12:00,0
2026-02-02,13:00,0
2026-02-02,14:00,0
2026-02-02,15:00,0
2026-02-02,16:00,160.42
2026-02-02,17:00,468.07
2026-02-02,18:00,442.86
2026-02-02,19:00,432
2026-02-02,20:00,459.69
2026-02-02,21:00,481.95
2026-02-02,22:00,497.01
2026-02-02,23:00,485.78
2026-02-02,24:00,442.70
2026-02-03,01:00,388.54
2026-02-03,02:00,355.17
2026-02-03,03:00,383.32
2026-02-03,04:00,364.05
2026-02-03,05:00,359.90
2026-02-03,06:00,360.59
2026-02-03,07:00,437.48
2026-02-03,08:00,508.91
2026-02-03,09:00,396.03
2026-02-03,10:00,0
2026-02-03,11:00,0
2026-02-03,12:00,71.26
2026-02-03,13:00,0
2026-02-03,14:00,0
2026-02-03,15:00,70.32
2026-02-03,16:00,187.45
2026-02-03,17:00,497.06
2026-02-03,18:00,457.99
2026-02-03,19:00,460.85
2026-02-03,20:00,386.87
2026-02-03,21:00,402.35
2026-02-03,22:00,424.12
2026-02-03,23:00,410.81
2026-02-03,24:00,414.05
2026-02-04,01:00,379.80
2026-02-04,02:00,418.71
2026-02-04,03:00,486.42
2026-02-04,04:00,407.84
2026-02-04,05:00,392.56
2026-02-04,06:00,446.97
2026-02-04,07:00,456.38
2026-02-04,08:00,501.75
2026-02-04,09:00,501.21
2026-02-04,10:00,399.60
2026-02-04,11:00,150.69
2026-02-04,12:00,380.70
2026-02-04,13:00,313.96
2026-02-04,14:00,403.64
2026-02-04,15:00,378.41
2026-02-04,16:00,395.36
2026-02-04,17:00,454.43
2026-02-04,18:00,368.32
2026-02-04,19:00,344.85
2026-02-04,20:00,348.83
2026-02-04,21:00,368.01
2026-02-04,22:00,442.12
2026-02-04,23:00,439.55
2026-02-04,24:00,459.23
2026-02-05,01:00,440.35
2026-02-05,02:00,404.33
2026-02-05,03:00,366
2026-02-05,04:00,326.99
2026-02-05,05:00,350.66
2026-02-05,06:00,406.32
2026-02-05,07:00,478.40
2026-02-05,08:00,487.34
2026-02-05,09:00,355.37
2026-02-05,10:00,0
2026-02-05,11:00,0
2026-02-05,12:00,0
2026-02-05,13:00,0
2026-02-05,14:00,0
2026-02-05,15:00,0
2026-02-05,16:00,166.52
2026-02-05,17:00,394.95
2026-02-05,18:00,406.15
2026-02-05,19:00,489.10
2026-02-05,20:00,434.51
2026-02-05,21:00,444.83
2026-02-05,22:00,414.26
2026-02-05,23:00,464.64
2026-02-05,24:00,553.82
2026-02-06,01:00,488.30
2026-02-06,02:00,478.29
2026-02-06,03:00,491.03
2026-02-06,04:00,483.75
2026-02-06,05:00,482.41
2026-02-06,06:00,476.41
2026-02-06,07:00,454.28
2026-02-06,08:00,452.12
2026-02-06,09:00,395.37
2026-02-06,10:00,348.14
2026-02-06,11:00,368
2026-02-06,12:00,484.69
2026-02-06,13:00,488.07
2026-02-06,14:00,483.07
2026-02-06,15:00,470.52
2026-02-06,16:00,468.74
2026-02-06,17:00,504.05
2026-02-06,18:00,495.13
2026-02-06,19:00,494.26
2026-02-06,20:00,493.74
2026-02-06,21:00,528.04
2026-02-06,22:00,513.16
2026-02-06,23:00,519.22
2026-02-06,24:00,537.43
2026-02-07,01:00,499.42
2026-02-07,02:00,492.93
2026-02-07,03:00,439.84
2026-02-07,04:00,387.75
2026-02-07,05:00,376.89
2026-02-07,06:00,380.53
2026-02-07,07:00,468.66
2026-02-07,08:00,510.72
2026-02-07,09:00,428.19
2026-02-07,10:00,349.79
2026-02-07,11:00,305.26
2026-02-07,12:00,63.68
2026-02-07,13:00,0
2026-02-07,14:00,0
2026-02-07,15:00,0
2026-02-07,16:00,147.74
2026-02-07,17:00,398.64
2026-02-07,18:00,469.52
2026-02-07,19:00,443.98
2026-02-07,20:00,452.25
2026-02-07,21:00,464.82
2026-02-07,22:00,483.73
2026-02-07,23:00,500.81
2026-02-07,24:00,528.62
2026-02-08,01:00,525.55
2026-02-08,02:00,508.33
2026-02-08,03:00,489.37
2026-02-08,04:00,460.43
2026-02-08,05:00,433.71
2026-02-08,06:00,408.53
2026-02-08,07:00,420.54
2026-02-08,08:00,482.91
2026-02-08,09:00,403.45
2026-02-08,10:00,0
2026-02-08,11:00,0
2026-02-08,12:00,0
2026-02-08,13:00,0
2026-02-08,14:00,0
2026-02-08,15:00,0
2026-02-08,16:00,78.04
2026-02-08,17:00,394.04
2026-02-08,18:00,370.89
2026-02-08,19:00,393.87
2026-02-08,20:00,423.86
2026-02-08,21:00,444.44
2026-02-08,22:00,442.56
2026-02-08,23:00,419.46
2026-02-08,24:00,457.17
2026-02-09,01:00,358.80
2026-02-09,02:00,368.92
2026-02-09,03:00,370.67
2026-02-09,04:00,325.10
2026-02-09,05:00,330.62
2026-02-09,06:00,332.45
2026-02-09,07:00,355.20
2026-02-09,08:00,397.96
2026-02-09,09:00,369.49
2026-02-09,10:00,127.17
2026-02-09,11:00,191.66
2026-02-09,12:00,366.84
2026-02-09,13:00,329.54
2026-02-09,14:00,325.94
2026-02-09,15:00,408.49
2026-02-09,16:00,436.80
2026-02-09,17:00,412.71
2026-02-09,18:00,364.97
2026-02-09,19:00,442.74
2026-02-09,20:00,446.77
2026-02-09,21:00,456.83
2026-02-09,22:00,462.14
2026-02-09,23:00,421.76
2026-02-09,24:00,427.83
2026-02-10,01:00,359.45
2026-02-10,02:00,353.84
2026-02-10,03:00,373.19
2026-02-10,04:00,384.86
2026-02-10,05:00,398.01
2026-02-10,06:00,394.10
2026-02-10,07:00,473.95
2026-02-10,08:00,472.74
2026-02-10,09:00,417.75
2026-02-10,10:00,153.25
2026-02-10,11:00,128.76
2026-02-10,12:00,218.77
2026-02-10,13:00,132.50
2026-02-10,14:00,0
2026-02-10,15:00,0
2026-02-10,16:00,0
2026-02-10,17:00,311.43
2026-02-10,18:00,366
2026-02-10,19:00,430.25
2026-02-10,20:00,407.74
2026-02-10,21:00,448.02
2026-02-10,22:00,491.33
2026-02-10,23:00,541.49
2026-02-10,24:00,539.83
2026-02-11,01:00,393.86
2026-02-11,02:00,336.80
2026-02-11,03:00,345.93
2026-02-11,04:00,402.77
2026-02-11,05:00,407.84
2026-02-11,06:00,452.19
2026-02-11,07:00,453.28
2026-02-11,08:00,468.42
2026-02-11,09:00,362.22
2026-02-11,10:00,0
2026-02-11,11:00,0
2026-02-11,12:00,0
2026-02-11,13:00,0
2026-02-11,14:00,0
2026-02-11,15:00,0
2026-02-11,16:00,0
2026-02-11,17:00,0
2026-02-11,18:00,154.75
2026-02-11,19:00,581.11
2026-02-11,20:00,382.94
2026-02-11,21:00,389.82
2026-02-11,22:00,425.25
2026-02-11,23:00,379.49
2026-02-11,24:00,336.13
2026-02-12,01:00,367.73
2026-02-12,02:00,353.31
2026-02-12,03:00,365.20
2026-02-12,04:00,335.35
2026-02-12,05:00,334.77
2026-02-12,06:00,353.07
2026-02-12,07:00,363.27
2026-02-12,08:00,409.90
2026-02-12,09:00,180.58
2026-02-12,10:00,0
2026-02-12,11:00,0
2026-02-12,12:00,0
2026-02-12,13:00,0
2026-02-12,14:00,0
2026-02-12,15:00,0
2026-02-12,16:00,0
2026-02-12,17:00,0
2026-02-12,18:00,245.61
2026-02-12,19:00,377.64
2026-02-12,20:00,417.22
2026-02-12,21:00,428.94
2026-02-12,22:00,428.71
2026-02-12,23:00,405.64
2026-02-12,24:00,448.96
2026-02-13,01:00,368.90
2026-02-13,02:00,322.77
2026-02-13,03:00,429.69
2026-02-13,04:00,404.40
2026-02-13,05:00,335.70
2026-02-13,06:00,358.87
2026-02-13,07:00,341.70
2026-02-13,08:00,341.68
2026-02-13,09:00,195.03
2026-02-13,10:00,0
2026-02-13,11:00,0
2026-02-13,12:00,0
2026-02-13,13:00,0
2026-02-13,14:00,0
2026-02-13,15:00,0
2026-02-13,16:00,0
2026-02-13,17:00,0
2026-02-13,18:00,150.53
2026-02-13,19:00,307.38
2026-02-13,20:00,315.66
2026-02-13,21:00,335.97
2026-02-13,22:00,344.69
2026-02-13,23:00,326.86
2026-02-13,24:00,325.05
2026-02-14,01:00,348.46
2026-02-14,02:00,337.56
2026-02-14,03:00,366.34
2026-02-14,04:00,339.08
2026-02-14,05:00,347.78
2026-02-14,06:00,241.81
2026-02-14,07:00,327.14
2026-02-14,08:00,339.24
2026-02-14,09:00,161.88
2026-02-14,10:00,0
2026-02-14,11:00,0
2026-02-14,12:00,0
2026-02-14,13:00,0
2026-02-14,14:00,0
2026-02-14,15:00,0
2026-02-14,16:00,0
2026-02-14,17:00,0
2026-02-14,18:00,0
2026-02-14,19:00,87.26
2026-02-14,20:00,166.85
2026-02-14,21:00,368.31
2026-02-14,22:00,170.18
2026-02-14,23:00,168.89
2026-02-14,24:00,262.94
2026-02-15,01:00,242.01
2026-02-15,02:00,72.13
2026-02-15,03:00,240.70
2026-02-15,04:00,0
2026-02-15,05:00,0
2026-02-15,06:00,0
2026-02-15,07:00,0
2026-02-15,08:00,259.33
2026-02-15,09:00,167.91
2026-02-15,10:00,0
2026-02-15,11:00,0
2026-02-15,12:00,302.08
2026-02-15,13:00,320.85
2026-02-15,14:00,349.85
2026-02-15,15:00,221.99
2026-02-15,16:00,0
2026-02-15,17:00,144.39
2026-02-15,18:00,157.79
2026-02-15,19:00,347.59
2026-02-15,20:00,362.05
2026-02-15,21:00,465.41
2026-02-15,22:00,494.36
2026-02-15,23:00,503.43
2026-02-15,24:00,430.40
2026-02-16,01:00,419.40
2026-02-16,02:00,385.26
2026-02-16,03:00,402.25
2026-02-16,04:00,385
2026-02-16,05:00,355.59
2026-02-16,06:00,345.44
2026-02-16,07:00,367.06
2026-02-16,08:00,381.06
2026-02-16,09:00,379.54
2026-02-16,10:00,0
2026-02-16,11:00,0
2026-02-16,12:00,0
2026-02-16,13:00,72.37
2026-02-16,14:00,0
2026-02-16,15:00,0
2026-02-16,16:00,0
2026-02-16,17:00,0
2026-02-16,18:00,175.97
2026-02-16,19:00,407.67
2026-02-16,20:00,402.39
2026-02-16,21:00,418.55
2026-02-16,22:00,464.68
2026-02-16,23:00,468.69
2026-02-16,24:00,406.66
2026-02-17,01:00,408.39
2026-02-17,02:00,370.73
2026-02-17,03:00,391.50
2026-02-17,04:00,380.56
2026-02-17,05:00,400.31
2026-02-17,06:00,404.19
2026-02-17,07:00,477.07
2026-02-17,08:00,467.22
2026-02-17,09:00,273.71
2026-02-17,10:00,0
2026-02-17,11:00,0
2026-02-17,12:00,0
2026-02-17,13:00,0
2026-02-17,14:00,0
2026-02-17,15:00,0
2026-02-17,16:00,0
2026-02-17,17:00,0
2026-02-17,18:00,88.33
2026-02-17,19:00,80.29
2026-02-17,20:00,75.71
2026-02-17,21:00,0
2026-02-17,22:00,74.06
2026-02-17,23:00,148.56
2026-02-17,24:00,149.84
2026-02-18,01:00,0
2026-02-18,02:00,594.52
2026-02-18,03:00,370.21
2026-02-18,04:00,380.52
2026-02-18,05:00,463.11
2026-02-18,06:00,461.87
2026-02-18,07:00,417.47
2026-02-18,08:00,368.54
2026-02-18,09:00,0
2026-02-18,10:00,0
2026-02-18,11:00,0
2026-02-18,12:00,0
2026-02-18,13:00,0
2026-02-18,14:00,0
2026-02-18,15:00,0
2026-02-18,16:00,0
2026-02-18,17:00,0
2026-02-18,18:00,170.64
2026-02-18,19:00,248.35
2026-02-18,20:00,0
2026-02-18,21:00,256.40
2026-02-18,22:00,332.36
2026-02-18,23:00,333.58
2026-02-18,24:00,360.81
2026-02-19,01:00,258.79
2026-02-19,02:00,242.92
2026-02-19,03:00,375.65
2026-02-19,04:00,349.11
2026-02-19,05:00,395.51
2026-02-19,06:00,375.59
2026-02-19,07:00,358.89
2026-02-19,08:00,367.38
2026-02-19,09:00,0
2026-02-19,10:00,0
2026-02-19,11:00,0
2026-02-19,12:00,0
2026-02-19,13:00,0
2026-02-19,14:00,0
2026-02-19,15:00,0
2026-02-19,16:00,0
2026-02-19,17:00,0
2026-02-19,18:00,77.50
2026-02-19,19:00,80.29
2026-02-19,20:00,0
2026-02-19,21:00,0
2026-02-19,22:00,189.35
2026-02-19,23:00,260.64
2026-02-19,24:00,347.29
2026-02-20,01:00,348.78
2026-02-20,02:00,171.46
2026-02-20,03:00,361.32
2026-02-20,04:00,257.09
2026-02-20,05:00,379.54
2026-02-20,06:00,258.49
2026-02-20,07:00,0
2026-02-20,08:00,156.56
2026-02-20,09:00,0
2026-02-20,10:00,0
2026-02-20,11:00,0
2026-02-20,12:00,0
2026-02-20,13:00,0
2026-02-20,14:00,0
2026-02-20,15:00,0
2026-02-20,16:00,0
2026-02-20,17:00,0
2026-02-20,18:00,0
2026-02-20,19:00,0
2026-02-20,20:00,0
2026-02-20,21:00,75.33
2026-02-20,22:00,75.33
2026-02-20,23:00,75.33
2026-02-20,24:00,264.32
2026-02-21,01:00,356.09
2026-02-21,02:00,232.69
2026-02-21,03:00,347.25
2026-02-21,04:00,81.77
2026-02-21,05:00,341.24
2026-02-21,06:00,164.54
2026-02-21,07:00,0
2026-02-21,08:00,0
2026-02-21,09:00,0
2026-02-21,10:00,0
2026-02-21,11:00,0
2026-02-21,12:00,0
2026-02-21,13:00,0
2026-02-21,14:00,0
2026-02-21,15:00,0
2026-02-21,16:00,0
2026-02-21,17:00,0
2026-02-21,18:00,0
2026-02-21,19:00,0
2026-02-21,20:00,0
2026-02-21,21:00,0
2026-02-21,22:00,0
2026-02-21,23:00,0
2026-02-21,24:00,250.33
2026-02-22,01:00,385.18
2026-02-22,02:00,338.94
2026-02-22,03:00,287.59
2026-02-22,04:00,0
2026-02-22,05:00,341.13
2026-02-22,06:00,75.78
2026-02-22,07:00,0
2026-02-22,08:00,78.87
2026-02-22,09:00,0
2026-02-22,10:00,0
2026-02-22,11:00,0
2026-02-22,12:00,0
2026-02-22,13:00,0
2026-02-22,14:00,0
2026-02-22,15:00,0
2026-02-22,16:00,0
2026-02-22,17:00,0
2026-02-22,18:00,163.15
2026-02-22,19:00,349.52
2026-02-22,20:00,0
2026-02-22,21:00,0
2026-02-22,22:00,257.91
2026-02-22,23:00,346.23
2026-02-22,24:00,379.67
2026-02-23,01:00,442.12
2026-02-23,02:00,391.06
2026-02-23,03:00,399.65
2026-02-23,04:00,371.92
2026-02-23,05:00,388.63
2026-02-23,06:00,389.01
2026-02-23,07:00,93.27
2026-02-23,08:00,245.81
2026-02-23,09:00,364.95
2026-02-23,10:00,150.63
2026-02-23,11:00,402.10
2026-02-23,12:00,679.64
2026-02-23,13:00,416.18
2026-02-23,14:00,391.50
2026-02-23,15:00,389.37
2026-02-23,16:00,395.06
2026-02-23,17:00,413.26
2026-02-23,18:00,382.21
2026-02-23,19:00,421.10
2026-02-23,20:00,389.92
2026-02-23,21:00,467.57
2026-02-23,22:00,442.84
2026-02-23,23:00,407.76
2026-02-23,24:00,428.89
2026-02-24,01:00,422.59
2026-02-24,02:00,420.89
2026-02-24,03:00,483.65
2026-02-24,04:00,477.79
2026-02-24,05:00,450.61
2026-02-24,06:00,426.84
2026-02-24,07:00,439.17
2026-02-24,08:00,427.84
2026-02-24,09:00,371.85
2026-02-24,10:00,0
2026-02-24,11:00,0
2026-02-24,12:00,0
2026-02-24,13:00,0
2026-02-24,14:00,0
2026-02-24,15:00,0
2026-02-24,16:00,0
2026-02-24,17:00,0
2026-02-24,18:00,240.16
2026-02-24,19:00,229.25
2026-02-24,20:00,74.15
2026-02-24,21:00,232.16
2026-02-24,22:00,151.97
2026-02-24,23:00,0
2026-02-24,24:00,251.93
2026-02-25,01:00,0
2026-02-25,02:00,310.71
2026-02-25,03:00,389.64
2026-02-25,04:00,386.55
2026-02-25,05:00,273.86
2026-02-25,06:00,187.17
2026-02-25,07:00,355.53
2026-02-25,08:00,172.59
2026-02-25,09:00,0
2026-02-25,10:00,0
2026-02-25,11:00,0
2026-02-25,12:00,188.83
2026-02-25,13:00,155.93
2026-02-25,14:00,152.07
2026-02-25,15:00,0
2026-02-25,16:00,0
2026-02-25,17:00,307.11
2026-02-25,18:00,379.81
2026-02-25,19:00,428.78
2026-02-25,20:00,403.32
2026-02-25,21:00,448.33
2026-02-25,22:00,500.06
2026-02-25,23:00,497.12
2026-02-25,24:00,509.38
2026-02-26,01:00,474.40
2026-02-26,02:00,423.26
2026-02-26,03:00,430.12
2026-02-26,04:00,390.57
2026-02-26,05:00,415.12
2026-02-26,06:00,381.49
2026-02-26,07:00,387.65
2026-02-26,08:00,407.41
2026-02-26,09:00,404.64
2026-02-26,10:00,378.38
2026-02-26,11:00,415.02
2026-02-26,12:00,512.92
2026-02-26,13:00,461.72
2026-02-26,14:00,441.48
2026-02-26,15:00,410.91
2026-02-26,16:00,400.37
2026-02-26,17:00,390.66
2026-02-26,18:00,251.28
2026-02-26,19:00,79.01
2026-02-26,20:00,0
2026-02-26,21:00,187.55
2026-02-26,22:00,388.81
2026-02-26,23:00,402.68
2026-02-26,24:00,445.51
2026-02-27,01:00,442.48
2026-02-27,02:00,414.01
2026-02-27,03:00,423.54
2026-02-27,04:00,411.98
2026-02-27,05:00,393.89
2026-02-27,06:00,378.60
2026-02-27,07:00,411.89
2026-02-27,08:00,446.56
2026-02-27,09:00,420.57
2026-02-27,10:00,409.51
2026-02-27,11:00,402.01
2026-02-27,12:00,430.35
2026-02-27,13:00,414.20
2026-02-27,14:00,438.52
2026-02-27,15:00,418.82
2026-02-27,16:00,359.72
2026-02-27,17:00,397.11
2026-02-27,18:00,193.32
2026-02-27,19:00,401.55
2026-02-27,20:00,348.58
2026-02-27,21:00,239
2026-02-27,22:00,402.65
2026-02-27,23:00,368.28
2026-02-27,24:00,403.96
2026-02-28,01:00,393.25
2026-02-28,02:00,393.99
2026-02-28,03:00,422.56
2026-02-28,04:00,426.44
2026-02-28,05:00,424.97
2026-02-28,06:00,425.14
2026-02-28,07:00,399.27
2026-02-28,08:00,401.96
2026-02-28,09:00,428.44
2026-02-28,10:00,436.22
2026-02-28,11:00,441.36
2026-02-28,12:00,433.44
2026-02-28,13:00,427.67
2026-02-28,14:00,503.82
2026-02-28,15:00,521.41
2026-02-28,16:00,539.19
2026-02-28,17:00,527.54
2026-02-28,18:00,486.73
2026-02-28,19:00,433.08
2026-02-28,20:00,427.88
2026-02-28,21:00,446.47
2026-02-28,22:00,484.41
2026-02-28,23:00,489.97
2026-02-28,24:00,479.60